Workbook

Sheet 목록
A1: 원래 폴더 | B1: 파일명 | C1: 형식 | D1: 크기(KB) | E1: 수정일 | F1: 판정 | G1: 민감 | H1: 판정 이유
A2: 사진 정리해야함 | B2: IMG_2031.jpg | C2: JPG | D2: 831 | E2: 45850 | F2: 확인 필요 | H2: 사진, 분류 기준 불명확
A3: 사진 정리해야함 | B3: 스크린샷 2026-03-02 오후 3.12.png | C3: PNG | D3: 43.6 | E3: 46083 | F3: 확인 필요 | H3: 스크린샷, 용도 불명확
A4: 사진 정리해야함 | B4: 스크린샷 2026-05-19 오전 10.41.png | C4: PNG | D4: 23 | E4: 46161 | F4: 확인 필요 | H4: 스크린샷, 용도 불명확
A5: 새 폴더 | B5: 2024 건강검진 결과.pdf | C5: PDF | D5: 28.3 | E5: 45598 | F5: 보관 | G5: 민감 | H5: 건강 서류
A6: 새 폴더 | B6: 3분기 예산안(수정).xlsx | C6: XLSX | D6: 5.1 | E6: 46213 | F6: 보관 | H6: 예산안 업무 문서
A7: 스캔 | B7: scan0042.pdf | C7: PDF | D7: 28.6 | E7: 45446 | F7: 확인 필요 | H7: 스캔 파일, 내용 확인 필요
A8: 스캔 | B8: 검진결과_2023(스캔).pdf | C8: PDF | D8: 27.4 | E8: 45184 | F8: 보관 | G8: 민감 | H8: 건강 서류
A9: 스캔 | B9: 임대차계약서.pdf | C9: PDF | D9: 27 | E9: 45366 | F9: 보관 | G9: 민감 | H9: 계약 서류
A10: 제안서_참고자료 | B10: 경쟁사_비교.xlsx | C10: XLSX | D10: 5 | E10: 45698 | F10: 보관 | H10: 제안서 참고자료(업무 문서)
A11: 제안서_참고자료 | B11: 시장조사_요약.pdf | C11: PDF | D11: 25.5 | E11: 45698 | F11: 보관 | H11: 제안서 참고자료(업무 문서)
A12: 최상위(3장_샘플_문서) | B12: Setup_프린터드라이버.exe | C12: EXE | D12: 6144 | E12: 45168 | F12: 아카이브 | H12: 설치 파일
A13: 최상위(3장_샘플_문서) | B13: 가계부2025.xlsx | C13: XLSX | D13: 7.1 | E13: 46022 | F13: 보관 | G13: 민감 | H13: 가계 서류
A14: 최상위(3장_샘플_문서) | B14: 건강검진결과_2025.pdf | C14: PDF | D14: 27.7 | E14: 45948 | F14: 보관 | G14: 민감 | H14: 건강 서류
A15: 최상위(3장_샘플_문서) | B15: 발표자료_v3.pptx | C15: PPTX | D15: 31.5 | E15: 45966 | F15: 보관 | H15: 발표자료 최신본
A16: 최상위(3장_샘플_문서) | B16: 발표자료_v3_old.pptx | C16: PPTX | D16: 30.6 | E16: 45962 | F16: 아카이브 | H16: 'old' 사본
A17: 최상위(3장_샘플_문서) | B17: 새 문서.txt | C17: TXT | D17: 0 | E17: 44958 | F17: 아카이브 | H17: 빈 파일
A18: 최상위(3장_샘플_문서) | B18: 제안서_참고자료.zip | C18: ZIP | D18: 28 | E18: 45698 | F18: 아카이브 | H18: 압축 해제된 폴더 존재
A19: 최상위(3장_샘플_문서) | B19: 주간보고_9월1주_최종.docx | C19: DOCX | D19: 36.1 | E19: 46269 | F19: 보관 | H19: 주간보고 최신본
A20: 최상위(3장_샘플_문서) | B20: 주간보고_최종 - 복사본.docx | C20: DOCX | D20: 36.1 | E20: 46262 | F20: 아카이브 | H20: '복사본' 사본
A21: 최상위(3장_샘플_문서) | B21: 주간보고_최종.docx | C21: DOCX | D21: 36.1 | E21: 46262 | F21: 보관 | H21: 주간보고 이전 판
A22: 최상위(3장_샘플_문서) | B22: 주간보고_최종_진짜최종.docx | C22: DOCX | D22: 36.2 | E22: 46263 | F22: 보관 | H22: 주간보고 중간 판
A23: 카카오톡 받은 파일 | B23: 연말정산_간소화자료.pdf | C23: PDF | D23: 26 | E23: 46042 | F23: 보관 | G23: 민감 | H23: 세금 서류
A24: 카카오톡 받은 파일 | B24: 워크숍 장소 약도.png | C24: PNG | D24: 28.9 | E24: 45818 | F24: 확인 필요 | H24: 행사 안내 이미지, 보관 필요성 불명확

Sheet 현황
A1: 형식별 개수와 용량
A3: 형식 | B3: 개수 | C3: 용량(KB)
A4: DOCX | B4: =COUNTIF(목록!$C$2:$C$24,A4) -> 4 | C4: =ROUND(SUMIF(목록!$C$2:$C$24,A4,목록!$D$2:$D$24),1) -> 144.5
A5: EXE | B5: =COUNTIF(목록!$C$2:$C$24,A5) -> 1 | C5: =ROUND(SUMIF(목록!$C$2:$C$24,A5,목록!$D$2:$D$24),1) -> 6144
A6: JPG | B6: =COUNTIF(목록!$C$2:$C$24,A6) -> 1 | C6: =ROUND(SUMIF(목록!$C$2:$C$24,A6,목록!$D$2:$D$24),1) -> 831
A7: PDF | B7: =COUNTIF(목록!$C$2:$C$24,A7) -> 7 | C7: =ROUND(SUMIF(목록!$C$2:$C$24,A7,목록!$D$2:$D$24),1) -> 190.5
A8: PNG | B8: =COUNTIF(목록!$C$2:$C$24,A8) -> 3 | C8: =ROUND(SUMIF(목록!$C$2:$C$24,A8,목록!$D$2:$D$24),1) -> 95.5
A9: PPTX | B9: =COUNTIF(목록!$C$2:$C$24,A9) -> 2 | C9: =ROUND(SUMIF(목록!$C$2:$C$24,A9,목록!$D$2:$D$24),1) -> 62.1
A10: TXT | B10: =COUNTIF(목록!$C$2:$C$24,A10) -> 1 | C10: =ROUND(SUMIF(목록!$C$2:$C$24,A10,목록!$D$2:$D$24),1) -> 0
A11: XLSX | B11: =COUNTIF(목록!$C$2:$C$24,A11) -> 3 | C11: =ROUND(SUMIF(목록!$C$2:$C$24,A11,목록!$D$2:$D$24),1) -> 17.2
A12: ZIP | B12: =COUNTIF(목록!$C$2:$C$24,A12) -> 1 | C12: =ROUND(SUMIF(목록!$C$2:$C$24,A12,목록!$D$2:$D$24),1) -> 28
A13: 합계 | B13: =SUM(B4:B12) -> 23 | C13: =ROUND(SUM(C4:C12),1) -> 7512.8
A16: 가장 큰 파일 5개
A17: 파일명 | B17: 원래 폴더 | C17: 크기(KB) | D17: 수정일
A18: Setup_프린터드라이버.exe | B18: 최상위(3장_샘플_문서) | C18: 6144 | D18: 45168
A19: IMG_2031.jpg | B19: 사진 정리해야함 | C19: 831 | D19: 45850
A20: 스크린샷 2026-03-02 오후 3.12.png | B20: 사진 정리해야함 | C20: 43.6 | D20: 46083
A21: 주간보고_최종_진짜최종.docx | B21: 최상위(3장_샘플_문서) | C21: 36.2 | D21: 46263
A22: 주간보고_최종 - 복사본.docx | B22: 최상위(3장_샘플_문서) | C22: 36.1 | D22: 46262
A25: 1년 넘게 수정하지 않은 파일 (기준일 2026-09-14, 2025-09-14 이전)
A26: 파일명 | B26: 원래 폴더 | C26: 크기(KB) | D26: 수정일 | E26: 경과일수
A27: 새 문서.txt | B27: 최상위(3장_샘플_문서) | C27: 0 | D27: 44958 | E27: =DATE(2026,9,14)-D27 -> 1321
A28: Setup_프린터드라이버.exe | B28: 최상위(3장_샘플_문서) | C28: 6144 | D28: 45168 | E28: =DATE(2026,9,14)-D28 -> 1111
A29: 검진결과_2023(스캔).pdf | B29: 스캔 | C29: 27.4 | D29: 45184 | E29: =DATE(2026,9,14)-D29 -> 1095
A30: 임대차계약서.pdf | B30: 스캔 | C30: 27 | D30: 45366 | E30: =DATE(2026,9,14)-D30 -> 913
A31: scan0042.pdf | B31: 스캔 | C31: 28.6 | D31: 45446 | E31: =DATE(2026,9,14)-D31 -> 833
A32: 2024 건강검진 결과.pdf | B32: 새 폴더 | C32: 28.3 | D32: 45598 | E32: =DATE(2026,9,14)-D32 -> 681
A33: 제안서_참고자료.zip | B33: 최상위(3장_샘플_문서) | C33: 28 | D33: 45698 | E33: =DATE(2026,9,14)-D33 -> 581
A34: 경쟁사_비교.xlsx | B34: 제안서_참고자료 | C34: 5 | D34: 45698 | E34: =DATE(2026,9,14)-D34 -> 581
A35: 시장조사_요약.pdf | B35: 제안서_참고자료 | C35: 25.5 | D35: 45698 | E35: =DATE(2026,9,14)-D35 -> 581
A36: 워크숍 장소 약도.png | B36: 카카오톡 받은 파일 | C36: 28.9 | D36: 45818 | E36: =DATE(2026,9,14)-D36 -> 461
A37: IMG_2031.jpg | B37: 사진 정리해야함 | C37: 831 | D37: 45850 | E37: =DATE(2026,9,14)-D37 -> 429

Sheet 정리결과
A1: 폴더 정리 결과 (최초 정리 2026-09-14, 신규 파일 반영 2026-09-14)
A3: 새 폴더 | B3: 파일 수 | C3: 용량(KB)
A4: 00_확인필요 | B4: 5 | C4: 955.1
A5: 01_업무문서 | B5: 7 | C5: 175.5
A6: 02_사진 | B6: 0 | C6: 0
A7: 03_개인 | B7: 6 | C7: 143.5
A8: 99_아카이브 | B8: 5 | C8: 6238.7
A9: 합계 | B9: =SUM(B4:B8) -> 23 | C9: =ROUND(SUM(C4:C8),1) -> 7512.8
A10: ※ 02_사진 폴더는 사진 파일이 모두 '확인 필요'로 분류되어 비어 있습니다 (폴더는 생성됨). 09-14 신규 추가된 주간보고 파일로 v02가 '중간 판'으로 재분류되었습니다.
A13: 이동 상세 내역
A14: 원래 위치 | B14: 원래 파일명 | C14: 판정 | D14: 새 폴더 | E14: 새 파일명 | F14: 이름 변경
A15: 사진 정리해야함 | B15: IMG_2031.jpg | C15: 확인 필요 | D15: 00_확인필요 | E15: IMG_2031.jpg | F15: -
A16: 스캔 | B16: scan0042.pdf | C16: 확인 필요 | D16: 00_확인필요 | E16: scan0042.pdf | F16: -
A17: 사진 정리해야함 | B17: 스크린샷 2026-03-02 오후 3.12.png | C17: 확인 필요 | D17: 00_확인필요 | E17: 스크린샷 2026-03-02 오후 3.12.png | F17: -
A18: 사진 정리해야함 | B18: 스크린샷 2026-05-19 오전 10.41.png | C18: 확인 필요 | D18: 00_확인필요 | E18: 스크린샷 2026-05-19 오전 10.41.png | F18: -
A19: 카카오톡 받은 파일 | B19: 워크숍 장소 약도.png | C19: 확인 필요 | D19: 00_확인필요 | E19: 워크숍 장소 약도.png | F19: -
A20: 제안서_참고자료 | B20: 경쟁사_비교.xlsx | C20: 보관(업무) | D20: 01_업무문서 | E20: 2025-02-10_제안서참고자료_경쟁사비교.xlsx | F20: 변경됨
A21: 제안서_참고자료 | B21: 시장조사_요약.pdf | C21: 보관(업무) | D21: 01_업무문서 | E21: 2025-02-10_제안서참고자료_시장조사요약.pdf | F21: 변경됨
A22: 최상위(3장_샘플_문서) | B22: 발표자료_v3.pptx | C22: 보관(업무) | D22: 01_업무문서 | E22: 2025-11-05_발표자료_v03.pptx | F22: 변경됨
A23: 새 폴더 | B23: 3분기 예산안(수정).xlsx | C23: 보관(업무) | D23: 01_업무문서 | E23: 2026-07-10_예산안_3분기수정.xlsx | F23: 변경됨
A24: 최상위(3장_샘플_문서) | B24: 주간보고_최종.docx | C24: 보관(업무) | D24: 01_업무문서 | E24: 2026-08-28_주간보고_v01.docx | F24: 변경됨
A25: 최상위(3장_샘플_문서) | B25: 주간보고_최종_진짜최종.docx | C25: 보관(업무) | D25: 01_업무문서 | E25: 2026-08-29_주간보고_v02.docx | F25: 변경됨
... A37: 최상위(3장_샘플_문서) | B37: 주간보고_최종 - 복사본.docx | C37: 아카이브 | D37: 99_아카이브 | E37: 주간보고_최종 - 복사본.docx | F37: -
